"","agg_type","agg_name","disorder_spectrum_disorders_diagnosis_functioning_persons_dsm_intellectual_disability_high","video_music_show_movie_song_film_ipad_watch_videos_watching","conference_york_university_city_san_event_blogher_center_shannon_guide","fact_believe_important_given_issue_possible_issues_example_clear_question","know_time_see_tell_day_love_girl_way_want_well","science_article_offit_media_news_age_jenny_mccarthy_vaccines_paul","david_kirby_geier_mark_web_kathleen_site_use_geiers_mercury","know_get_time_people_even_see_way_good_well_make","see_research_paper_spectrum_study_colleagues_children_disorder_results_risk","mercury_chelation_lead_fda_poisoning_treatment_drug_levels_exposure_metals","children_child_parents_son_help_parent_kids_family_families_support","back_little_down_got_again_away_room_night_head_came","want_mom_boy_big_school_kids_boys_brother_house_friend","school_education_special_teacher_needs_students_schools_teachers_kids_classroom","years_family_mother_life_day_mom_year_dad_home_friends","water_pool_beach_summer_snow_sun_swimming_cold_winter_ocean","police_mother_story_death_abuse_news_boy_use_murder_case","neurodiversity_speaks_cure_persons_people_dawson_should_ne.eman_article_movement","words_thank_love_miles_post_silly_reading_please_appreciate_serious","study_children_data_prevalence_asd_years_risk_age_increase_studies","dog_today_work_good_kind_going_big_got_thing_job","bill_law_act_government_president_federal_money_states_insurance_million","fluffy_play_game_ball_fun_kids_team_playing_toys_toy","time_day_get_year_home_even_know_well_week_going","food_eat_eating_dinner_milk_diet_chocolate_cream_cup_foods","people_person_disability_world_human_disabled_society_community_word_rights","canada_children_government_treatment_care_services_health_national_canadian_adults","sensory_full_processing_sometimes_issues_problems_spectrum_brain_information_hearing","students_student_college_school_teachers_class_high_test_teaching_teacher","life_know_time_even_get_way_things_want_love_people","research_health_iacc_committee_public_national_asd_speaks_services_spectrum","brain_genetic_cells_research_environmental_genes_gene_studies_found_cell","birthday_party_went_happy_christmas_family_made_home_fun_day","kids_special_down_needs_syndrome_child_kid_baby_therapy_life","blog_post_read_comments_posts_comment_please_writing_write_page","doctor_hospital_pain_medical_medication_doctors_blood_brain_seizure_nurse","words_language_use_skills_social_communication_learning_learn_speech_behavior","house_use_paper_store_box_clean_stuff_bathroom_kitchen_buy","vaccine_vaccines_thimerosal_children_health_public_vaccination_cdc_safety_flu","back_bike_car_home_day_ride_got_went_school_down","care_people_needs_support_help_disabilities_services_family_families_community","made_told_asked_story_questions_information_letter_call_question_read","wakefield_mmr_vaccine_study_paper_andrew_medical_children_research_measles","hair_wear_wearing_white_blue_black_pink_color_red_shoes","book_read_books_reading_story_writing_write_stories_written_wrote","post_name_leave_comment_put_enter_blog_want_giveaway_get","treatment_aba_children_therapy_intervention_study_behavior_research_evidence_treatments","beauty_sleep_night_back_house_little_fiona_went_day_bed","god_love_hope_church_heart_life_believe_thank_world_jesus","joy_kids_got_boy_big_morning_house_during_therapist_potty"
"1","blog","ablogonthespectrum.blogspot.com",0.00161102591270092,0.0161476070276104,0.00932709657671876,0.0274042323944586,0.00542287988922327,0.0020884926804975,0.00148969783869509,0.110844740752244,0.00237482020763649,0.00233933781229904,0.0106866664971304,0.071242689756547,0.0130685536510304,0.00713929100002837,0.0234238873364899,0.0262879841341537,0.0155221028855517,0.00138834976394747,0.00243254640324907,0.00475543737642166,0.00565482773276183,0.00835553871458495,0.00443930746002751,0.0696085099513706,0.0205392263002361,0.00839939654908364,0.00385883157738479,0.00202280298525793,0.00277185478022127,0.0372067090822762,0.00154649452527587,0.00203829323230836,0.0303067744932266,0.00224632511805228,0.0112738914148565,0.0130008144016164,0.00739370685169254,0.0278235082452198,0.00170397336812878,0.00610569555128914,0.0112467679156603,0.0169204003248804,0.0013723678508624,0.0225920022254112,0.0071789824768246,0.000993677633505761,0.00136528227373839,0.302867446623478,0.0115547698050967,0.00261438063903766
"2","blog","adiaryofamom.com",0.00224276836490412,0.00968361450530445,0.00443354390052869,0.0252582499449164,0.351838657004132,0.00118044972162043,0.00032115370657869,0.0494558218725273,0.000420443095089757,0.000261819011107445,0.0129204202158471,0.183853137175518,0.0127594087029328,0.0099342326280253,0.0152547786189954,0.0144470212841644,0.00597908156361618,0.00146048363574491,0.00100724527461284,0.00136796141845677,0.00401916120792452,0.00631394358334623,0.00498290237545265,0.034755759006955,0.00825515603063155,0.022706414920439,0.000756060743213082,0.00120848066799042,0.00259999511994403,0.0728466685920931,0.00314814732719331,0.000569722327153119,0.0214001016786442,0.00167068686562865,0.0223947383303672,0.00467499501830677,0.0157312322037583,0.0122226806928007,0.000435336549811859,0.00262032060729751,0.00925955145901842,0.0089783794291938,0.000237079551986352,0.0151022696143251,0.00540450636893131,0.000934639725388844,0.00110189922433187,0.000513887142213727,0.0100737552175472,0.00100123677348856
"3","blog","adventuresinautism.blogspot.co.uk",0.00562521820686575,0.00776114794057925,0.0298086488724986,0.0662391976303933,0.00435452448587244,0.033497491081711,0.00401952546431344,0.0825883455604459,0.00577943609736629,0.0443289357303952,0.0250961340492035,0.0481834334954493,0.0153549608677552,0.00869197106671105,0.0176705405778461,0.00753304629568968,0.0135616102675899,0.0036536899829358,0.00209546128858148,0.0305543473135496,0.0036093107431917,0.0471245028092115,0.00291815259818303,0.0536821116889462,0.00755320912885397,0.00719953216614316,0.00326753787860127,0.00116509178271066,0.00241721293107644,0.0246164719213348,0.0341621898104331,0.0305832889046023,0.00992166764904273,0.00339063384755881,0.0201729818751487,0.0168023731567268,0.00736681985868843,0.00804775578809604,0.146970134207366,0.0031568817747,0.0157945339101784,0.0437765201340395,0.0115647463795063,0.00368111512149923,0.00496416786358956,0.00184627117308467,0.01080395984662,0.000923749367025874,0.0132468391292924,0.00287257027879572
"4","blog","alyric.blogspot.com",0.0198236828149121,0.00306523128457768,0.00940063198429422,0.228225846383096,0.00517954120085354,0.0319269911217072,0.0344565838467273,0.157314123439659,0.00221142261175638,0.0153032664166115,0.0281735803681725,0.0240921948094088,0.0021366083875057,0.00380616648389983,0.0139189611988468,0.00979906943132262,0.0142579754525427,0.0305183984680783,0.000233146348160287,0.0168295571655037,0.00453317075657746,0.00518603538463247,0.000561100805634082,0.00667307222171887,0.00159553731053783,0.0535350819139966,0.0115130799620577,0.00850256785032873,0.00553153644135371,0.00937949077416875,0.00857348762229982,0.0299652240937892,0.00290868924129892,0.00033124571879694,0.014717562981291,0.00389046919047779,0.0248876585027361,0.00270650461296825,0.0232302018696236,0.000277744120931108,0.0075877949016485,0.015290246185064,0.0210187833613263,0.00151189091549085,0.00973109045815544,5.12133514365142e-05,0.0635087724951824,0.000717774580397107,0.0110192208238249,0.000390772334619422
"5","blog","aspergersquare8.blogspot.com",0.00971927777850913,0.0146274953390326,0.0195259487785136,0.0906400962464025,0.00899561306342019,0.00651900706483802,0.00332057500284347,0.149250733497159,0.00222812301058405,0.00237739792558548,0.0143590943127883,0.0591951677284712,0.0201023277912265,0.0097038942574567,0.0197438689216412,0.0124950962338419,0.0219645786144654,0.0139475605794479,0.00332820948595134,0.00858512899655987,0.0076062731106367,0.00757664207520677,0.00372478482685305,0.0439864328651543,0.00905814439841604,0.079181103953799,0.003851734272856,0.00599811236015338,0.00732731291225694,0.0532784053526212,0.00750271835826295,0.0024420060444459,0.0184060322553351,0.00396136844608396,0.0546290326135246,0.00555773137940213,0.0394600216777619,0.0373194005703659,0.00285437403148401,0.0049796896007792,0.0182169100541943,0.0521695956818801,0.00193177651073641,0.0121034677352966,0.0103178168522036,0.000973622419533075,0.00426886246285806,0.00190496142119026,0.00522912866909093,0.00355334245887921
"6","blog","autism-vicky.blogspot.com",0.0252525317198018,0.0022957229906007,0.00216637771202701,0.0502764552338294,0.00258872962633879,0.00123143600083107,0.00390796648025577,0.334322921226168,0.00100771876731515,0.000625903117810905,0.00843576313324301,0.0736394548273065,0.0141099960815841,0.00932856445335642,0.00448714644067024,0.00744920783043721,0.00127609902496453,0.00100988680475721,0.00125302406817161,0.00188846465618797,0.0018828015234211,0.00174072237193324,0.0027443467045194,0.0435126453317288,0.0121454140745936,0.0442899804250628,0.000944817326347452,0.00207810982385169,0.00121332032619504,0.095131161641181,0.00114660963511252,0.0370223708263949,0.00408437847230038,0.00163950716961625,0.00442055714465694,0.0371942947375521,0.0377565564536768,0.010367974323391,0.0197671891350225,0.00223345014540355,0.00292370846808768,0.0186776367171327,0.000522655730174976,0.0103755632022684,0.0102837392882464,0.0439246042534454,0.00101197259523714,0.000919748495195297,0.00175250102972319,0.00173829243287048
"7","blog","autism.typepad.com",0.00258754298705533,0.0150958446813368,0.00597471207940279,0.0205105037588555,0.00306697257036884,0.00105866033658173,0.000514251776562696,0.0338730022487939,0.000921503520291281,0.000719518210263505,0.00936459818785002,0.0639111044726777,0.00758410073936116,0.0160740020547374,0.0158266646917631,0.0343473322785245,0.00223580470343016,0.00148717856247287,0.00110710697167019,0.00240161261407187,0.00249724544730517,0.00251618462834991,0.00465723708368231,0.0692798255126026,0.0138143656830269,0.00452054158535243,0.00074885563839959,0.00249170500611359,0.00741194204986241,0.0246046120112814,0.00146188179858327,0.00109295520955783,0.00996832715977939,0.00182878790103016,0.00835588572260911,0.00795181804617561,0.026203797890214,0.0187676107893724,0.00121952438650812,0.507552203280821,0.00546941237339751,0.00927186481183786,0.000556127031343854,0.00884549014918892,0.00974783911165476,0.00119053460852565,0.00288686142912371,0.00140361568705925,0.00287507516627238,0.0021458553548974
"8","blog","autismandoughtisms.wordpress.com",0.0249919819745899,0.0042081354837957,0.00122401765181364,0.189494146619971,0.00394742034054117,0.00394086015516989,0.000145617955653589,0.176582601177203,0.00273915771711091,0.000707076754381533,0.105891789424987,0.0637617959513888,0.00898854454475155,0.0310973631401005,0.0098206691626071,0.00213425882580398,0.0136349455220009,0.00115645425864306,0.000584590090452065,0.00655815654524494,0.000954148827027194,0.0102645857547662,0.00433614158790037,0.0499529806792846,0.00206236692284401,0.0508075290527463,0.00240348637496179,0.00283274597596273,0.00276075235788302,0.0540253941390091,0.000855993973291312,0.000701820655978746,0.00574636397106788,0.00129766107745098,0.0314047238442601,0.00608334236198052,0.0345152173147942,0.00453415252658273,0.00214503941351957,0.00532431085915172,0.0291806809576287,0.0209045794040179,0.000946950118691687,0.00328969234310181,0.00743846603707605,0.000637701169990083,0.00759254360205183,0.00430979294647455,0.000631041416267228,0.000450211038026796
"9","blog","autismblogsdirectory.blogspot.com",0.0107966580133884,0.0275774523570824,0.0338240922283039,0.0647664227604534,0.00704846588860507,0.00522563676621846,0.000880221803880674,0.100491175034751,0.00161497776102005,0.00141069159386652,0.0494166819947081,0.0603660114800457,0.0183622121077759,0.0157313013246966,0.0190788029593479,0.00641760490195867,0.0199242538712794,0.00530090706785383,0.00160694768284922,0.00777364388582532,0.0038640625197796,0.00434343235515712,0.00393422131225166,0.0662747130717021,0.00661537475048393,0.0468374805693698,0.0013500731838269,0.00781431235796151,0.0107672404802797,0.0695595455713279,0.0303939789803988,0.00200829233135295,0.0105484974413881,0.00453244162576256,0.109474542132249,0.00799685293489312,0.0239241341212489,0.00892446041145318,0.00188280018006693,0.00227791286595339,0.0378714612214738,0.0200079825201849,0.000394665790433909,0.00637083040626102,0.024393105794304,0.0141707372740921,0.00760617968661116,0.0025240002662928,0.00401389514371946,0.0017086112158095
"10","blog","autismcrisis.blogspot.com",0.0416876129297614,0.00237102731209551,0.0149338860911516,0.176450302155017,0.00174433482278899,0.00397834081809618,0.000815681366353985,0.073370424558828,0.00760223300125429,8.50480338080486e-05,0.0100608993095153,0.0257967809720257,0.0026707807996689,0.00306727344242154,0.00706778338835737,0.00259064117462874,0.0221826835008311,0.0323755224795038,0.000365256017212537,0.0747868802812409,0.000660739876020794,0.0152503805146622,0.00171047698705614,0.0283159730080851,0.001363816840655,0.0622744978172912,0.0755021524273403,0.00787132241346938,0.00856691941580243,0.013018031506905,0.0129882857684357,0.00908441113394076,0.00170971505832662,0.0018398158527275,0.00455606465477977,0.00390532852993576,0.0212532843029494,0.00316601902394729,0.00326014394245208,0.00104155116344312,0.00179781995690531,0.023930004166128,0.00378381182337818,0.00261342195688816,0.00718161104400005,0.000149818465435333,0.175197788071733,0.0029319259218609,0.000756355386162776,0.000315120514722017
"11","blog","autismgadfly.blogspot.com",0.00718445844850113,0.00477330445748246,0.00624625504318269,0.0469103725652685,0.000900065879450807,0.00393218911316352,0.00152808052263061,0.0796466927378118,0.00221526729224294,0.00165729759285149,0.0108512731228197,0.0186625400809419,0.00418813894391044,0.0115301326283584,0.0115078836256262,0.00249596761768406,0.0183634527495903,0.450328000456703,0.000534376515266656,0.0367967141985491,0.00200812398269311,0.0329403407705105,0.00064560417649757,0.0275732587385202,0.00132016715192602,0.0236207007448731,0.000377080028850433,0.000834920421827652,0.00609420383316895,0.0124517313003166,0.0149917228463272,0.0344323302823681,0.00282859121297533,0.00131228063700344,0.0166249815746341,0.00334861842346905,0.00836015012410738,0.00281578544752705,0.00345868653240073,0.00163908497192621,0.0162441938198475,0.0260074888583618,0.000797061042319668,0.00218041710710598,0.0208051893813257,0.000268360443919177,0.012716366190968,0.000812641001609248,0.00148021025332957,0.00075724510725534
"12","blog","autisminnb.blogspot.com",0.0769274416641389,0.00730200989913934,0.0165058873901992,0.0851188252149639,0.00209060763323699,0.0104743138553896,0.00188700010202106,0.0432044348748568,0.00187798299599226,0.00514562311681529,0.0291017880973923,0.0338985460982476,0.00774336354492222,0.0257940182607095,0.0118111221560708,0.0167805341154981,0.0320957231028518,0.0311104524352259,0.000944978459902831,0.0367358650474196,0.00197795780871474,0.0130066081283618,0.00289979724644595,0.0467412169504565,0.00265761605198763,0.0111589825177344,0.182359331961176,0.00157418563720116,0.00293065128580403,0.0233895265217367,0.0277650551208647,0.0310077976450417,0.0149824603809106,0.00147396028822814,0.012803676605134,0.0100934262625968,0.00981989057430568,0.00400637041965891,0.0256629913700132,0.00723540280142249,0.0130801681414778,0.0118866601019317,0.00470094820936473,0.00394720909639288,0.00374861137548852,0.00235447560073962,0.0443605283690008,0.000932967408654678,0.00329441811864662,0.00159658993551389
"13","blog","autismjabberwocky.blogspot.com",0.022010799632473,0.00270451151629689,0.00334087294848136,0.133317207221868,0.00294140444349134,0.0203954076458732,0.00120473108455902,0.18097762973967,0.0313065664237818,0.0173115999444498,0.0252119980258906,0.0245489168404666,0.00333944533151052,0.00364753736755656,0.00646430103677607,0.00298395890592992,0.0087226749438054,0.0176060327064006,0.000525386164433551,0.152282836583018,0.000752361947150796,0.00914359610945568,0.00130353277556173,0.0266900049249057,0.0054367793560138,0.0233663412055752,0.00126872869108617,0.0038649802518343,0.00297451231052183,0.00911012620867746,0.0168712197502955,0.0615511206989152,0.00349597490902364,0.00135109136155522,0.0184533463082903,0.00969901041746992,0.0157595544949958,0.00273684037154217,0.0344095527674477,0.00109154947594842,0.00804176970765159,0.0195716585101637,0.01893510051087,0.00188066582792045,0.00393983394292863,0.000549627388311529,0.0326377955861702,0.00204492653255263,0.00164307805020492,0.000581501100228247
"14","blog","autismnaturalvariation.blogspot.com",0.0343439917297577,0.00192336078221305,0.00705136854678367,0.172587139731882,0.000910837908771431,0.0234079341288339,0.0271059904788209,0.131980453272194,0.0036418083504601,0.0221747961754414,0.0171272544302789,0.0139251198239743,0.00367626986031518,0.00179760519703922,0.00626909767010098,0.00501350310267863,0.0107087747831714,0.0311675379845322,0.000684443757271982,0.253648823528597,0.000629810730101159,0.0061861629466155,0.000884587860793569,0.0137232073846042,0.00255730270384761,0.0329617986592901,0.00064885176913837,0.00425876017695236,0.00694366995085999,0.00991103732502189,0.000547155931616246,0.00571392552066624,0.00182288714621028,0.00107278407110147,0.0194809490389231,0.00818303270136903,0.00571134005859709,0.00361505579023414,0.0132487198176423,0.00143177446841536,0.0108734260579699,0.0241144829088438,0.0115429358641971,0.00226355984049315,0.00437364787597701,0.000187261163282039,0.0346056204409811,0.000422575303419543,0.00191860286283523,0.00101896238688295
"15","blog","autismschmatism.blogspot.com",0.00151301871606808,0.00837088765777689,0.00400192700151677,0.00848397124493481,0.00729533364068921,0.0008442998876539,0.000209745741093187,0.0806490264738496,0.000585404586028724,0.00171048835560901,0.00819186949846386,0.225547500816479,0.172578377725969,0.0204713195980427,0.011675116297248,0.0168099172461702,0.00346406923269102,0.000802233781110928,0.00150134310812574,0.00246507158504885,0.00614346681621183,0.00138742914203013,0.0040370906578497,0.15258962294387,0.0208594588102174,0.00469267025458939,0.000471591342513884,0.00156116915597714,0.00337940873606572,0.0424704228636206,0.00139241551723275,0.00476172942268347,0.0334342537410589,0.00107420404303515,0.0179155905452886,0.0185319505726231,0.018098541486167,0.0174626696113629,0.00129444287454195,0.0176300566759726,0.00320895580315923,0.0100832838704437,0.00022415575369814,0.0136221447092306,0.00509110933562225,0.000960235759585601,0.00338457652351025,0.00112158683417005,0.0135950666694071,0.0023497773336912
"16","blog","autismsedges.blogspot.com",0.0235475168270972,0.0107221373566654,0.0221032240095566,0.0456283567926795,0.0249884374422186,0.00203248497961237,0.00441359884586771,0.0640782214322116,0.00119400067061915,0.0021330165629998,0.0195940409027929,0.0926512907787675,0.0202278538500569,0.0396041984793466,0.0370433567446462,0.0361188075802025,0.0116173268953239,0.00171701726485444,0.00114060380362131,0.00337731514601623,0.0101644056439701,0.0150976507233658,0.00421412506748,0.103593376943921,0.011666530208489,0.0208697640937283,0.000387041858663501,0.0133645854444746,0.017492474414226,0.0675827697488166,0.00325686515447242,0.00406869400340994,0.0518217390962998,0.00642317915752003,0.0223836674815127,0.0141171087261343,0.0238527996128301,0.0182945723178014,0.00174048028745104,0.0112769630085468,0.0147281684241582,0.0186143316716978,0.000535534775366822,0.00993267272119152,0.0378419935616194,0.00522500969835309,0.00354932400531628,0.00834329974459831,0.0029572264106786,0.0126708396287495
"17","blog","carrielink.blogspot.com",0.00194543865598362,0.0113118018602167,0.01036059252528,0.0301412265208833,0.0123937024757387,0.00148149240547332,0.000991593761886979,0.113057055249928,0.000961208268578334,0.000462439466494779,0.0157074707361249,0.119461878294992,0.0339329975434158,0.00892287129380258,0.039573998930142,0.0125921964608729,0.00202721763629193,0.00124265218130043,0.00568487232227149,0.00161136017738565,0.00521284140547349,0.0031489690599944,0.0061384551636117,0.142360434948957,0.018201853771035,0.00939100042046175,0.000873290448332816,0.0020422743501398,0.00568725544816826,0.0873848034308542,0.001278424881285,0.000807556715805329,0.0475230851004997,0.00754538246616661,0.0422846971165194,0.00869730978749871,0.00750659889953841,0.0430597071219954,0.000708429640177438,0.010964614581633,0.0149478513277155,0.0231542990700465,0.000674851158756849,0.011971830659069,0.0220527194114007,0.00230198841142797,0.00100261861664827,0.00125668414754201,0.0441509855981075,0.00380512007407486
"18","blog","chavisory.wordpress.com",0.00432845958615525,0.0224017900822064,0.0151522343777709,0.0884024265011007,0.00901357002648951,0.00824766284889505,0.00362192986341724,0.143944917538357,0.0033416612530836,0.000946928853418999,0.0135857513280918,0.0684572961216536,0.0101968870991373,0.0194992446381879,0.0269453545422561,0.0447643325361769,0.0109285681983646,0.00299540740693568,0.00262696335361336,0.0052715776617008,0.00533260306347874,0.0207696441061583,0.00521640336363741,0.0543024765641698,0.0309778575782642,0.0642611830389656,0.00199910928236184,0.00846993296298312,0.0240215865518257,0.0673619084726821,0.00267337314697103,0.00311902836482785,0.0133301097984683,0.00391833241498657,0.020397153234419,0.00833531351609669,0.0108334952269468,0.0186908249473739,0.00378588415034497,0.0129053185562161,0.0239805856709532,0.0171769874280334,0.0025599780497038,0.0099401230423985,0.0236210530130387,0.00350638874473658,0.00378489578594437,0.00739916660465295,0.0175908017391821,0.00506551776316517
"19","blog","club166.blogspot.com",0.00426056144907644,0.0138676968618964,0.0103702542993675,0.0821803436576777,0.00113194957816429,0.0102768990447725,0.00435042256688163,0.153206365016668,0.000868572199729753,0.0084026448417791,0.0183346154024779,0.0753066632622662,0.0213658284416392,0.0456496855619938,0.0185102652301042,0.0200354463977985,0.0535626536906269,0.00622970018032561,0.000582951451723085,0.00664798847441803,0.00407077926446635,0.0221942126620402,0.00559655533986455,0.0951775556020894,0.00809226269746378,0.0423894697851913,0.00171852999548919,0.00332716040330211,0.0104335717662584,0.0148336583331956,0.00634102234091804,0.00387519896172495,0.0779606672232359,0.00363229466345783,0.0209680099100673,0.0160940155386874,0.013108176318321,0.010156209416899,0.00656415434587148,0.0087641821696816,0.0185187525233092,0.0234539312502141,0.00151879965762192,0.00575052915410922,0.00700439451270359,0.000510812755532804,0.00642162414384774,0.00218642297248713,0.00294928180141466,0.00124625688114727
"20","blog","confessionsofanaspergersmom.blogspot.com",0.00279089645178137,0.00748280296613454,0.00293851103573266,0.0235328152323847,0.00234027124835493,0.000574145624730138,0.000212376503491161,0.0607312880291938,0.000486489165867142,0.000241729714648703,0.0140954536525387,0.129324092088568,0.229106419542749,0.0265649984635016,0.0219513213356302,0.00957487438040006,0.00499399973059385,0.000550763460754558,0.00138827151545264,0.0011032701556147,0.00249432455062174,0.00222852742155102,0.00396073226663022,0.158575374125454,0.0145911302064672,0.00433977335627962,0.000370412211310638,0.00104207709999425,0.00792429085079813,0.137268503668556,0.000437860728234252,0.000263325811844866,0.0197396174920276,0.00101552017768106,0.0251201894145587,0.00952654140960133,0.00794796405524158,0.00922671847988525,0.000451312445205662,0.00252269208980933,0.0147813883841556,0.0126360433230589,9.63259009713091e-05,0.00433055527049849,0.00351718030457891,0.00111202514528132,0.00077473140208013,0.00127568442287788,0.0106951716712627,0.00174921601535929
"21","blog","daysixtyseven.blogspot.com",0.00118770060602543,0.0145656657190474,0.00331687990790915,0.0319892802976926,0.00863351855078814,0.00154506589474549,0.00025190887474843,0.0987403894078896,0.000657182622556828,0.000329906173407936,0.0145710749583108,0.164453106627757,0.0345173536138395,0.0111876620778843,0.0234362225523262,0.0256213634589551,0.00119641630300775,0.00118817773503713,0.00202950971503371,0.00308241017847213,0.00447914374894393,0.00197146222342173,0.010748964875872,0.21884543593612,0.0261143930482341,0.00755116134940568,0.000829647886177182,0.00177593590233552,0.00343782042502195,0.0796288202836571,0.00114639054085339,0.000586373156891207,0.0221836760528472,0.0024083322650415,0.0196440613211233,0.00685314311347333,0.0530373640640635,0.0213544326556362,0.00170135850897787,0.0137664763622134,0.00619541539460936,0.0152393136920803,0.00137620380259188,0.00638350163890326,0.0117856918365151,0.00170853461817072,0.00223310156522797,0.00738901099889988,0.0034450145794887,0.00367902287776853
"22","blog","elvis-sightings.blogspot.com",0.00589998120673606,0.0182776183791272,0.00980051245274049,0.0437190578869244,0.00820352287624106,0.00146085488782332,0.000336414268659159,0.0776378288315577,0.00109584897988363,0.00155867275274041,0.00711622283779671,0.126379053454546,0.0106999147860113,0.016452053430469,0.0206978645101269,0.0339131117866792,0.0017431755003327,0.00132555943241515,0.00186838922976688,0.0068919976433381,0.00439534068679257,0.0360910430148705,0.0174431967696617,0.144229996767703,0.0190043394078518,0.00848305808406459,0.000766290047315682,0.00401278193633591,0.00425615616027112,0.0223612290549928,0.00539282681701599,0.00122779580082246,0.0381204319330612,0.00311885933615557,0.0260049153293606,0.0161950703561262,0.0200178145670853,0.0226796757199646,0.00198141089489748,0.00768453118284999,0.020256568015282,0.0174916405590746,0.000294079368205468,0.0170487133194271,0.00932785892887713,0.00209672626574026,0.00680131382042754,0.00183943292035251,0.0192690671442346,0.107030180657265
"23","blog","embracingchaos.stephanieallencrist.com",0.00500547618859769,0.0123512795878703,0.003031763261537,0.0908880219206447,0.00491220639855452,0.003035894926964,0.00130213581188097,0.111742887385133,0.00136159998892681,0.0014733751269311,0.02841353704352,0.0864561441773098,0.0133126521730911,0.0246969257725779,0.0125920661235712,0.00807762840361442,0.00881382410401715,0.00235493988837549,0.00137074750618986,0.00507853705973799,0.00440101051159998,0.00906164544228774,0.00453122339156409,0.169556179159478,0.00539388164513444,0.0631408222394833,0.000897602958976427,0.00843568974218125,0.0109322430690585,0.0670733284542528,0.00519551461666275,0.00276435247209253,0.00921394541215973,0.0013224703632347,0.0217481832631325,0.022717860550606,0.0335163322164222,0.0135941519377444,0.00167986854607487,0.00351843040380166,0.0525175144224005,0.0158088105475606,0.000349183376331675,0.00578584751504789,0.0204173444683427,0.000255061724991672,0.00359330049098438,0.00561551202164208,0.00971245203220211,0.000978594155503265
"24","blog","extraordinary-ordinary.net",0.000508385818766631,0.00821705872279022,0.00696142064433354,0.0125085541179958,0.00569009348411979,0.00063324583400007,0.000189787467753386,0.12104164720643,0.000331886632558849,0.000271517199874805,0.00488185731544618,0.151819441112955,0.0246720406632933,0.00144984565074254,0.0171802532167353,0.0146137844863088,0.00142792741267498,0.000472806322345916,0.250475390887893,0.000992466867429321,0.00337822536032106,0.00125721785445854,0.00459282427941946,0.0688235516564258,0.0115609760739809,0.00296290798334642,0.000440867679068701,0.000661274321512382,0.00109876883030592,0.148499145167093,0.000674662976297103,0.000519295159817161,0.0131162456325509,0.00189513473637396,0.0294732888156511,0.0078545351867954,0.0032358143843371,0.0195950283414436,0.000494059030719112,0.00249319973766548,0.00398524954254979,0.00904502361687895,0.000183562509458681,0.0112918481322323,0.00742863895270173,0.00777233700996949,0.000387322670663222,0.00130480606300692,0.0101513039473516,0.00148347328315672
"25","blog","freerangekids.wordpress.com",0.00652948675479745,0.0109617117867754,0.0103441086741569,0.0377139087474397,0.0123607718239506,0.00587991085171715,0.0023351666093579,0.0561338782394629,0.00481169667885015,0.00298858773988757,0.0204451073532281,0.045549448500138,0.0277043477262876,0.0103074444443384,0.0214254098726485,0.170450869911262,0.00609316968132388,0.00482204871247095,0.00598299043631396,0.00901711807800817,0.00899007752065222,0.00831167219218008,0.00766223487660718,0.0557770759352511,0.0116042163841103,0.0134487244173105,0.00451135231252903,0.00448105984046363,0.00579341138945789,0.0434165635042759,0.00547487846029473,0.00415337415400452,0.0195022569468418,0.0078283857152046,0.021107456585614,0.0113227608498679,0.171025094709959,0.0168559244256469,0.00459904967313509,0.0106643688651823,0.0139602424625917,0.0266833112994858,0.00249559790155068,0.0111810952477088,0.00943458070191984,0.00196640731299826,0.00483200802994186,0.00439165263489094,0.00836791340789169,0.00830006962001677
"26","blog","fullspectrummama.blogspot.com",0.0146497736939308,0.00545647808282768,0.00442301024222763,0.0875971931653745,0.037014203780214,0.000470401602595362,0.000804050719696174,0.1040758047398,0.000642032318337574,0.000831609061548527,0.0358557724022649,0.0908507842880786,0.0212420417729568,0.0236105100176653,0.0343129008461965,0.00700779567319921,0.00246393897292871,0.0026247433774617,0.00265070134459461,0.00287548987009041,0.00881465879119765,0.00190169396797137,0.00757590544317536,0.0673107854250205,0.0186827073712238,0.0410349149603994,0.00434042866101796,0.120042031200995,0.0110986278512188,0.11039748902187,0.00244520504185829,0.00218947941479514,0.00639620764687829,0.00115938443343103,0.0289193894355798,0.00240118001091359,0.0117294944457221,0.0097513313869736,0.00105823001859505,0.00660082278296221,0.00473089047389554,0.0173862758614946,0.000223646005415916,0.0140387953120903,0.0100080240209509,0.000323246672370913,0.00152590809197731,0.00111063099373113,0.00520699632139572,0.00213638296288968
"27","blog","hoopdeedoo.blogspot.com",0.00327759833440478,0.0237935603964245,0.00392992575899543,0.0233198797434265,0.0022211851413693,0.00132730680469591,0.00233834855172563,0.113783033198278,0.00176449278651435,0.00103350503064419,0.0111055750775167,0.14974540204778,0.0655672804723338,0.0234885553011821,0.0275548705535343,0.0236453225257065,0.00172005252638875,0.00066129800366112,0.00178511655497288,0.00670619212962695,0.00339410572808384,0.00396124218332346,0.00931783704651202,0.194207046091452,0.0167263197022172,0.00373261252822308,0.00101991680849828,0.00243959497901868,0.00291419085275142,0.0323154869809641,0.000795267873736141,0.00148080290897923,0.0521075190814719,0.00866254256937845,0.0199515168125605,0.0122036496009759,0.0367473542298056,0.0267946784303192,0.000867821085497499,0.0128303134402686,0.00506723955941186,0.0149542047193318,0.000308123384515277,0.0122732782768007,0.00662267460648856,0.00100705390936956,0.00891826663147442,0.0017786461523782,0.00343960787813779,0.0143925850088738
"28","blog","idoinautismland.com",0.0062541409111245,0.0131424073013236,0.00635068508614185,0.0470194831461971,0.00388868949208825,0.00585962562608109,0.000711516179887433,0.110044637314088,0.00217008758780783,0.000599370500266987,0.0223841254821578,0.0790877006199343,0.0133058420620722,0.0344242486398373,0.0224802912950415,0.0270968842931443,0.00173109141525272,0.000863482806586268,0.00255035989905515,0.00352077661792583,0.00679204620548559,0.00167304156835261,0.0198934336297743,0.0814791206061413,0.011859089802537,0.0372317434232192,0.00101013642401996,0.010909076040943,0.0186314933569924,0.179473646316764,0.00196920964038941,0.00192145310721424,0.0118000057552804,0.00687664711115465,0.0238193302145003,0.0103099458974494,0.0882735648380403,0.00452446917528173,0.00130533151721644,0.00456561645787529,0.0140078154247494,0.0164233732054706,0.000324212743888396,0.00216047536260496,0.0146814513770859,0.000192849450334258,0.00392143437050561,0.00320604314861337,0.0148361706660951,0.00244232688600712
"29","blog","injectingsense.blogspot.com",0.00380444370623375,0.0169756395012367,0.028405555876814,0.151316659925427,0.00391461870458551,0.0602104342121333,0.00545660101742222,0.128266569824524,0.00104118226567829,0.0151303196404222,0.0368217361033421,0.0458171973787198,0.00956974289406246,0.0124578693581012,0.0250022770048331,0.0100070549678444,0.0177817153848235,0.0103967890848524,0.00248968170084682,0.0179878957270599,0.00157887595049326,0.0256942237824214,0.00497731967257552,0.0658831503745131,0.00343758004807229,0.020840452174262,0.000748476365157789,0.000575672814883206,0.0042794430083668,0.0401315765676475,0.0211633097522479,0.0106629343624143,0.0132579993240272,0.00162877474934963,0.0275498451713375,0.00472816226224207,0.00498598766147703,0.00307514769626805,0.0622076619300334,0.00332955931390894,0.00602383033796571,0.0303598107724261,0.00446906212382103,0.00603283398810381,0.00695831249526151,0.00129130132009368,0.00927241768137651,0.000787067564223385,0.0102263577921764,0.00098886866389025
"30","blog","juststimming.wordpress.com",0.00482027840296512,0.0116605785533044,0.00210726667681366,0.0561533151080284,0.0332112454084839,0.000143552282365797,5.70108127370382e-05,0.233799919089933,0.000264719115753774,0.000143033932435242,0.0103304306485986,0.154565909632767,0.0149243882033196,0.00628670922566607,0.0153484338742133,0.00129662172577111,0.00964571700478987,0.00695046992435103,0.000309493895154981,0.00173266203741352,0.00238048497387973,0.00112420836611753,0.00392804913412286,0.044689274202819,0.00226945062848099,0.11054499263596,0.000110140261876697,0.00213843625440227,0.0264727310264564,0.106794523421238,0.00207146326264727,0.000101400574662172,0.0032510995880752,0.00422149518056821,0.0229368473406988,0.00480745812982577,0.0442284719876148,0.00782239623855284,0.000112281307309177,0.00071762709081265,0.00494421993905614,0.0146546798718732,0.000480115795688437,0.00957249905075051,0.0111428374674283,0.000260758258892102,0.00167231525398973,0.000639093771928712,0.000204294435517063,0.00195459899389048
"31","blog","leftbrainrightbrain.co.uk",0.0134232741581944,0.00808816083972019,0.0159677731065467,0.10416288041294,0.00354035762590298,0.0440414998219164,0.032972262320267,0.115583065324576,0.00645669655105429,0.0234139423514255,0.0202104370187676,0.0257091140873102,0.0044100533734023,0.00987435183804267,0.00857367359844338,0.00340794311656564,0.0300735559659304,0.0071029292832863,0.000962322347301411,0.0744601083414947,0.00158213251747789,0.0284165289713923,0.00126843323081627,0.0329122128038765,0.00199283336144354,0.0193896196818394,0.00346463623573471,0.00127687407035309,0.00307565739669318,0.0153759429997178,0.0742967087454518,0.0201526515069862,0.00373854816051212,0.0022268716395632,0.0251295829845414,0.00927298472975631,0.00677751684566942,0.00337452809953518,0.0457116330652882,0.00141429189501507,0.0214365212561109,0.0328954647094694,0.0604534826517639,0.00239020715388715,0.00745657332031744,0.00173998059486627,0.0142116616533748,0.00252253872970553,0.00230342989138205,0.00130554961437017
"32","blog","letitbeautism.blogspot.com",0.00185861961210304,0.0221593652939464,0.00283696486831192,0.037964382563411,0.00902460905938284,0.00273389705251202,0.00121409300362242,0.135344658886191,0.00134613413332471,0.00281117195545773,0.00970607582417006,0.143739346387142,0.11849438438963,0.0276357960497407,0.0137429489621323,0.0171830163742915,0.00572342695198285,0.00281397129775873,0.0016369297484003,0.0010462926766869,0.00863245822202911,0.0045464207253648,0.0100174831430911,0.141136677776934,0.0093340362627372,0.00530493117239089,0.000575569252988109,0.00321391891691048,0.00452285209930367,0.0317945900483153,0.000958723406861444,0.000676921958433368,0.048334597577278,0.0047836345130912,0.04143358618707,0.0140860280950753,0.0111146791152095,0.015617089999519,0.00197157946169435,0.00750578388439371,0.00371488318935385,0.0292458482850721,0.00119201129670978,0.0147706012771031,0.00827839348896949,0.00562459284378507,0.0013590645355614,0.00366417194242596,0.00180623098942503,0.00576655524270533
"33","blog","lizditz.typepad.com",0.00972421620516553,0.00568891736706808,0.0786995749604707,0.0769416925559808,0.00272839803118859,0.09473370440074,0.0139194506197807,0.0606637915607007,0.00638897581936443,0.0215825001384041,0.0278137797711639,0.0216370876651672,0.00588591759083959,0.0214290067184677,0.01077974240859,0.00418689768192637,0.0222236714330226,0.0169017149099936,0.00105703977911044,0.0287888157669886,0.00272824592635956,0.01503290991757,0.00203870735036045,0.0287373454959449,0.0037989294487977,0.0320324868294609,0.00167696083808479,0.00289278306384959,0.00836111808279959,0.0248245543903738,0.0354558524463037,0.035882191959435,0.00465256670204959,0.00240656026898434,0.0520232359745403,0.00459031761217751,0.0144563705862712,0.00271752733474515,0.0470556729683595,0.00196037085048702,0.0247245333299027,0.0257490623615981,0.0545559737249219,0.00244427272360829,0.0117227008583994,0.00351905497830383,0.0170370735495047,0.000880002685790433,0.00121052306031576,0.00305719929656674
"34","blog","maternalinstincts.wordpress.com",0.00240311154016724,0.0136018386449349,0.00539469446971301,0.0329580591988165,0.0253691565255012,0.00212138774206002,0.00187346380906953,0.0581892532301697,0.00122585917399586,0.00092094169408518,0.0156865079886729,0.165772558141799,0.0291698952524118,0.0165904083657894,0.0269187030608102,0.0180116151458848,0.00518059642228953,0.001772223945385,0.00634164895006653,0.00321202979606238,0.00813894002807255,0.00858665423401046,0.00831079826091893,0.174579103469709,0.0207255587860405,0.00826596810980812,0.0018075338326262,0.00266346164301943,0.00260878133992164,0.0903692621184866,0.00320057715334463,0.0015815863361633,0.0201496007392758,0.00361992713401088,0.0357282419657079,0.051809668063439,0.0346247542901184,0.0169668434495697,0.0012504177646135,0.00281120361536017,0.0099544796648003,0.0177461668050597,0.000948482396092426,0.00663114917174236,0.00768407493703706,0.00274807576892312,0.0016353140907692,0.00273690192304308,0.0127944803317368,0.00660803947889432
"35","blog","mfamama.typepad.com",0.00111689776602129,0.00559330216783986,0.00322426799796792,0.0289422329121226,0.00700588203235472,0.00107157481123778,0.000736491125235167,0.104362121915023,0.0010785931545051,0.000724845277763921,0.00965455486439632,0.108092866007102,0.0161445834033462,0.00281685578147879,0.0117880956044011,0.0124139010334637,0.00236049831224341,0.000718644711126741,0.00214624579062892,0.00201888391105321,0.344790966289826,0.00402270679414248,0.00315971000425663,0.0835327678768337,0.0424867254193438,0.00402459299223557,0.000808379214648093,0.0015059391511683,0.00287822973916343,0.0361672839148224,0.000990088605954359,0.00102424608563594,0.0128226507286873,0.00285903745675403,0.0221521889455732,0.0279721465411351,0.00447102941651588,0.0172861250685686,0.00146085026390484,0.0048218184421445,0.00617595152367274,0.0209498497087925,0.000493844383160385,0.0110421732241725,0.00478283540857505,0.00523809903779723,0.000877630861798803,0.00239994905504698,0.0036573686036741,0.00313347666268463
"36","blog","momnos.blogspot.com",0.00316241230845884,0.0524122432162124,0.0103354961115419,0.0477924585468181,0.0172029342810049,0.00209610214826447,0.00141238971288208,0.0879586845107787,0.000692576200813727,0.000952698950563149,0.0160232812162645,0.145645775927542,0.0324135571797719,0.0140203962910289,0.0260459932294241,0.0235243558059833,0.0043682973416342,0.00220008652462133,0.00245928771792481,0.00347205641039434,0.00615375798458094,0.0142845230862743,0.00745054951314909,0.135310269916606,0.0153144352652888,0.00913867533025272,0.00184552486952845,0.00251950033142061,0.00559079996433156,0.0692535394173192,0.00293727793741385,0.00133755473707253,0.0297893275297275,0.00368957907217702,0.0471910710231147,0.00900772298642548,0.036679084217425,0.0126450610658928,0.00112355798448825,0.00713746346393808,0.00616829071670849,0.0284281770343869,0.000538273213291074,0.0126448633483361,0.0242427957415233,0.0019090849387504,0.00224205213582725,0.00375476464312128,0.00461848267897441,0.00286285622072682
"37","blog","motherofshrek.blogspot.com",0.00439098415659827,0.0130208413212008,0.00889963506731388,0.0356827128351119,0.00493906440970174,0.00245349479722157,0.00171003077654941,0.13263707592616,0.00130187206023355,0.00465164937336333,0.0308489644442568,0.112389372467319,0.0154117048140176,0.00593956706340105,0.025276849713849,0.0225264539758514,0.0139254059673958,0.0030843454525049,0.00313688745234157,0.00343877142165391,0.00641709678628123,0.00778217118544962,0.00840214463110991,0.0802138495574747,0.020260129009997,0.0391103032136968,0.0032373597679502,0.0166211994020392,0.00223504537099861,0.0782976995537991,0.00171780408140908,0.00231521252393118,0.0300377289877916,0.00200009502380649,0.0340323300004041,0.0168475790820527,0.0247404817208685,0.0349902650408,0.000906842915178023,0.00827148620813693,0.0380431212634041,0.0230734476451143,0.000874407014594588,0.0156144835027667,0.00835024300575499,0.00462127208113093,0.00219112261049469,0.0317355573137867,0.00840239043836668,0.00299144756536565
"38","blog","noahsdad.com",0.00190387391520496,0.0232567420450578,0.00590482411455474,0.0249231206940881,0.00645865606849306,0.00578589544776904,0.000836016014257385,0.145044879574601,0.00139768628710808,0.000870878397960111,0.0337798103925373,0.0968444972404484,0.0369626583113253,0.00349968353812162,0.0260728845704764,0.0149893319884334,0.00379821060799621,0.00114030207222253,0.00556964360852036,0.0041437177410749,0.00314222297266721,0.00255171534087146,0.0423253963467327,0.0957283489810011,0.0189066463175185,0.00816877036125436,0.00120179753545804,0.00161933570265623,0.00373221786526616,0.0269057017872538,0.00278379105995013,0.00480505474652453,0.0524563725321434,0.116454565583866,0.0456435312875985,0.013973413857132,0.0189696178384102,0.012118106528062,0.00284930810109078,0.00503485065288381,0.0102223731637697,0.0130234533733518,0.000567487113422354,0.00673903461254862,0.00546221297085143,0.00514703379899471,0.00445835397787543,0.00162222195249088,0.0276409147980685,0.00256283621003541
"39","blog","onedadsopinion.blogspot.com",0.0106812998854423,0.0072786354866222,0.0249857768546193,0.163563442499824,0.0061555552274142,0.0167521147882835,0.00510117351419441,0.0897282643255611,0.00222868823042398,0.00719438903742356,0.0366186326747248,0.0649633148849858,0.0127262693682467,0.0134045478487031,0.0286101894981189,0.0216807203510546,0.00591795984871478,0.0123437410590974,0.000416281141607412,0.012860043902962,0.00382249682795596,0.00960218251558982,0.0137773096089269,0.0834406689434669,0.019036336241976,0.0430213427864382,0.0028198581586944,0.00110363753961149,0.00411784474077436,0.0382758071769473,0.0220064328355461,0.00144069890757745,0.00994680756218048,0.00700239241602311,0.0558251506996491,0.00256525549390704,0.0269491084506985,0.00636600561373371,0.0148862405814988,0.00174671768518171,0.0225332983394297,0.0217105491582817,0.00683938517762819,0.00521027692812872,0.0102014252452644,0.00131034340407031,0.01685856572493,0.000271472408089004,0.00267544402552815,0.00142590437424813
"40","blog","questioning-answers.blogspot.com",0.0172406910579695,0.00261462552371781,0.00380422456996827,0.0292485669796361,0.000651902684895155,0.00124512615856416,0.000484731866918059,0.020368590952044,0.678966790726681,0.00747655617639208,0.00579356591746038,0.00855521610603663,0.00174691309911216,0.00154590065729292,0.00368756016630957,0.00307774922883216,0.0033179064399053,0.000445552861414061,0.000478925587289188,0.0500256942881906,0.000913447862149094,0.00161607303293492,0.00235588937938514,0.00871344396744039,0.00468900539725572,0.00394680377753802,0.000803126481001956,0.00282996631398941,0.00108261908338401,0.00691095140367514,0.00300000222410095,0.0606091606979056,0.00192232032698624,0.000703570246493132,0.00476591250303864,0.00944646773469024,0.00614320946557831,0.00213666406090799,0.00239671105034926,0.000669965734352685,0.0088339945112012,0.00390871781343814,0.00190273773170453,0.0012484993278428,0.00159520507413831,0.000265708241778378,0.0118551994909437,0.00232990803681762,0.00104088247918407,0.000587045501164809
"41","blog","qw88nb88.wordpress.com",0.00276511487258336,0.00796818745791974,0.00552825424563167,0.0728673382850945,0.00545327423125636,0.00645194802575676,0.00190269116326844,0.142501186923917,0.00173775469817532,0.00355250952452041,0.0107769314605576,0.0791524240279396,0.0116234254918575,0.0074063106272987,0.0123531035108305,0.0248453158115262,0.0102244643042323,0.00105920255931034,0.00190807393829987,0.00687918692327307,0.00797975275894988,0.0094242784417154,0.00784314406874299,0.0608914675327134,0.0269260796465102,0.034675464456657,0.00076982152135343,0.147295586969817,0.0328067202402982,0.034864966169449,0.00303297760321792,0.00422070010827998,0.0136863757315163,0.00185140988783124,0.0249730930669513,0.0145540499741476,0.0191511274354059,0.0499446427151679,0.00538986685078303,0.00343616630628347,0.0135501812256505,0.0152059731131982,0.00191207261836901,0.0225011878780234,0.00975725187980682,0.000902388478884431,0.00395527731111596,0.00525079554107484,0.00392011245661636,0.00237036992822087
"42","blog","rebekahscot.wordpress.com",0.0016472802019239,0.0221868042275473,0.00286498068706252,0.0478881278933629,0.0166737157662023,0.00115477564168466,0.00306448107204383,0.113526928456953,0.000944985436010212,0.00281335605802294,0.0106149313389638,0.147673361573398,0.0836929432686216,0.00759562776712613,0.0329293659833442,0.00749382814044468,0.00256691181123564,0.00172544240858308,0.0162764978403687,0.00183702582958541,0.00231764242590293,0.00232725610956655,0.0150457706226984,0.0646916922177637,0.0171452421255262,0.00847584464251756,0.00203868539682341,0.0148532642142598,0.00227598086180364,0.149885493045467,0.00107522995612868,0.00107065954169886,0.040157372827554,0.00290186914335048,0.0256671857562143,0.00838518307402021,0.00779020010368327,0.0259343181543235,0.000903222969083489,0.00777514410745012,0.00458586451526208,0.0195317906829047,0.00111521850560162,0.0205722403549449,0.00352272172821832,0.00438524782390436,0.004625603916842,0.00103621621300177,0.0128480732588839,0.00188839430211506
"43","blog","rhemashope.wordpress.com",0.00182870626120414,0.00811885054402267,0.00295716680596356,0.0139710166313669,0.0365043629018255,0.000629465973431964,0.000501719243697757,0.0654199846183708,0.000442187031668287,0.000886040367322387,0.00920810208947527,0.20957433241713,0.0249214552829874,0.00764090944434806,0.0254650937909883,0.0134656695642143,0.00211166028134758,0.000658386218211948,0.00344135092375405,0.00190289823929033,0.00180336375211226,0.0013702016510909,0.0080215762778887,0.105918763994312,0.0192848729330417,0.00203178687615755,0.000439011714804586,0.000955640805046667,0.00145088949811962,0.0903665308524673,0.000706370398478341,0.000841174490697715,0.0191063832515244,0.00250865042329509,0.00709739964982027,0.0204123203511352,0.0321919248291301,0.0280172473891649,0.000326695883786986,0.00487285893907311,0.0058774204739681,0.0119018495166588,0.000327306461742708,0.0154032807699823,0.00430906547164763,0.0016605882473486,0.00141296132982375,0.00148038643693925,0.173900109799214,0.00635400890090655
"44","blog","roostercalls.blogspot.com",0.00178724272162337,0.00544709977466979,0.00350570723133639,0.0280904118792858,0.0170627823352095,0.00126242528754277,0.00108649963715839,0.120138310616246,0.0011192999219292,0.00167573717165457,0.0206987540544994,0.142745033239389,0.0750619254184879,0.0208570424833238,0.0401445289832404,0.0143480680973287,0.00307063227154239,0.000670210441654808,0.00433499322614821,0.00110605716274993,0.00779588182520069,0.00527916262775458,0.00518804533461688,0.112927130491079,0.0121694809284924,0.00624134833912905,0.000422562665774087,0.00194666363117866,0.00690640072311488,0.148356231324818,0.00112739311821324,0.00109944276221405,0.027421945715502,0.00562212413950032,0.0371585870641815,0.0132059328423363,0.0154049847387998,0.0169239683627926,0.000706058787230884,0.00508304019986743,0.00718207572811006,0.0154427726951763,0.000244219524228873,0.0105616307365455,0.0110106985228499,0.000722685743379127,0.00244881311677217,0.00340527281408537,0.00808353351064231,0.00569915003139414
"45","blog","specialed.wordpress.com",0.00383112545450301,0.00689284068776369,0.00251187591360714,0.0854500536554366,0.00131905863010387,0.00292577413342792,0.00120820080108122,0.182306507973567,0.00104271594853797,0.00170833444712429,0.0205558251258138,0.0610422997354549,0.00571086644999544,0.0813984935954213,0.00668048131261459,0.00446917934155406,0.00367527515972463,0.00118622994766652,0.000897963674135394,0.00506557859045522,0.00290509288471893,0.0261748653234433,0.00272675933791398,0.123653065763994,0.006500275302381,0.0114960274946071,0.000798013162251882,0.00113578916866556,0.18302321398947,0.0164968285948232,0.00194516602476861,0.000218529039731233,0.00948743694236079,0.00128694449369729,0.0302350062916719,0.00740164840520503,0.0167349426277077,0.00940409171372081,0.000242959740707591,0.00170286434788785,0.0236374197016335,0.0205008634439933,0.000178317641409582,0.00193191661351494,0.0050273329288138,0.000613873870290103,0.00992783603677422,0.000367973016510944,0.00294346917920659,0.00142279634013704
"46","blog","spectrumliving.blogspot.com",0.00221038528667921,0.00338900800331707,0.00153747221430988,0.0182332601160552,0.00202146671737519,0.00151085908205224,0.000446915202169725,0.0757211632253457,0.00302553209558001,0.00581926145111426,0.0149922927194929,0.1841426783749,0.0401870467456143,0.0276173037354444,0.0137623563400486,0.00866419437245417,0.00428986679173324,0.000738581723323517,0.0016031218108941,0.00126555288581905,0.00233551231603123,0.00229077855802399,0.00398062187340549,0.264165009012667,0.0146254116842112,0.0065534987674517,0.000439688734051724,0.00182967457189954,0.00228171927147604,0.0335097682577419,0.000550313457173353,0.000957551851872673,0.0151067817470248,0.00956957976376894,0.0156076818026679,0.0451676507824291,0.0353719940183226,0.032620002816743,0.00164403802139716,0.00417068696745315,0.00660290019648226,0.0147816593832357,0.000228015782561897,0.0302700743194338,0.0030331515182152,0.0070648548302084,0.00416075636749632,0.0109796285172003,0.00697784409695753,0.0119448318186736
"47","blog","susanetlinger.typepad.com",0.00469318419072872,0.0164941488972784,0.0259001947958451,0.0418835339796263,0.0053155588350701,0.00263186508219748,0.000635029859544643,0.0864495904917524,0.00147898430825306,0.00106484831997562,0.0242130522660711,0.164140858658173,0.0630229482728591,0.0229157418213704,0.027385648956075,0.0149841954028391,0.00145288415815343,0.00149098634629837,0.00300911989940064,0.00345289093806764,0.00613853354191873,0.0063673990526611,0.0101001960010295,0.104779214281774,0.016882967399897,0.0115354189380483,0.001730693230977,0.00375674126644403,0.00200376683169064,0.0837969576335681,0.00339721322027566,0.00201957884262091,0.0365777995164305,0.0081640174927886,0.0368333748301991,0.0040168573533439,0.0349433551203803,0.0149673008230822,0.000701111062937752,0.00640557674957112,0.0095580516203147,0.0174975185323583,0.000737044999701548,0.0159396664505116,0.0201457263871163,0.000927029823246614,0.00641555954866406,0.00407711893115201,0.00297994554033558,0.013988999497381
"48","blog","susansenator.com",0.00319687425602057,0.0130360290343518,0.0156349901228986,0.0324628721924659,0.00700391509650827,0.00222434333650827,0.000473309755032268,0.128526616750329,0.00125326361934182,0.000638819190968874,0.0148725384129275,0.137850272335255,0.0377714534408031,0.0137120480340364,0.0337006551616304,0.0284922059211515,0.0051712335927829,0.00264607980461801,0.00219308748491227,0.00247736707837173,0.00600924566768363,0.0132280077809819,0.0192059566006136,0.0610808543988951,0.0235156368669162,0.0131941937622494,0.00113452205440948,0.00247941973360513,0.00625872890959899,0.134262465394406,0.00468703594630835,0.00109827106872505,0.0308993286983325,0.00298010467198174,0.0167867449157852,0.00718853083597211,0.0169108345445194,0.0163210131128674,0.00146986986751658,0.0069542231449335,0.0367822135525523,0.0147763887899627,0.000671648940921943,0.0416079780992535,0.0209943426855076,0.000937379433902727,0.00215469358222284,0.00111111649303116,0.00912620618699042,0.00283506963843889
"49","blog","teenautism.com",0.00323796789519682,0.0175189177299192,0.00451431813684971,0.0374479903705929,0.00882767021581134,0.000650352080928881,0.00045359655700924,0.082864723843803,0.000550756058057397,0.000977004077501007,0.0284152760373423,0.146164426381647,0.0369115289714744,0.0274152713610647,0.0437918017586805,0.0228311967874627,0.00341337666300631,0.000990229786304885,0.00153429154021114,0.00411728104529046,0.00369308869870455,0.00323837504258107,0.00624090089223823,0.186942663077373,0.0135585318843348,0.00810654874981784,0.000655696786198947,0.0096899466885641,0.00788400115200964,0.0556025387003156,0.00194283984064993,0.000778490548131806,0.0261204867658137,0.00417416550955029,0.0268205703435961,0.0116969151625611,0.0435364647709398,0.0245212672686496,0.002173725420575,0.00789008327566896,0.0155668584659576,0.0246858396279221,0.000319251961431531,0.00974463942714049,0.0193744347380592,0.00253829285964108,0.00456765315751241,0.00067482579856533,0.0038925985149733,0.000740327572368639
"50","blog","theadventuresofboywonder.blogspot.com",0.00159586975049096,0.00426930312218097,0.00318815340229137,0.015796849247384,0.0239574116562338,0.000993716986626969,0.000353413799776938,0.0595203760955465,0.0011856326924886,0.000452305263739132,0.027796664668655,0.140781762152344,0.142389329596352,0.023113489664293,0.0254132163593583,0.0124761854770509,0.00220377334568907,0.00156018138948942,0.00287537991045904,0.00233462619562007,0.00999999439484725,0.00674472964775933,0.00966094179449595,0.114755803043425,0.0160083700298905,0.0139317503738104,0.000862377026362246,0.000678182181476787,0.00250274601298563,0.147444882575303,0.000892896052925349,0.000959988271932042,0.0244926733289473,0.0108008163119513,0.02648138502066,0.00866223317844917,0.0184916602053274,0.0135969263885348,0.000973839556164145,0.0120376140944204,0.00745008812257797,0.0102473077716793,0.000746841656787167,0.0168564894256893,0.00347997721535502,0.0059129422887419,0.00456333364172984,0.00112035227435861,0.0119068822148827,0.00547833512245989
"51","blog","thefamilyvoyage.blogspot.com",0.00194930177683151,0.0220601725404676,0.00665891357857205,0.0592077940385617,0.00395415478695986,0.0151167001981828,0.00367946922200394,0.121515816559302,0.00296426444202137,0.00228472252893053,0.0349630746554343,0.120485631617288,0.0163997841478509,0.00809490369855392,0.0208949151480536,0.0180466742724899,0.00776518514806006,0.00478248333381144,0.00159889889748553,0.00540701363211067,0.00384937509058226,0.00396867246427602,0.00574980259195546,0.0580957335069315,0.0111832366182032,0.0333369793882674,0.00475900850323602,0.000840231167951638,0.00201983471232338,0.0413990183326293,0.00286304431427444,0.00113949644011182,0.176449910760388,0.00171406566504366,0.0284649895373089,0.00763806513178655,0.0168302471671607,0.015084318018193,0.00412601382892901,0.00376841103251672,0.00814301965924453,0.022014378476308,0.00648832517836277,0.015084638650411,0.0164373280164951,0.00098824196897979,0.0100429883994187,0.0140325851723569,0.00324508592304582,0.00241308006033556
"52","blog","therocchronicles.wordpress.com",0.00228428793218573,0.00655972269332072,0.00303121530473074,0.0111713457481155,0.0126273721332195,0.000917165804473124,0.000299222948009854,0.0730230544520483,0.000667625962278247,0.000682742324280173,0.0128763277316029,0.2252164952159,0.0645732853804611,0.017450688450863,0.0135123689823053,0.0502653457121473,0.00135429202454247,0.00110475028712369,0.00363941662274568,0.00149542253151484,0.00782089193182571,0.00176446968592952,0.0180081591462836,0.177928755893124,0.0155338335222027,0.00313887414731106,0.000560271464995917,0.00132129561696353,0.00236649633049786,0.0523936934089136,0.00139712899701473,0.000914892675729507,0.0982191410684524,0.00247081389630889,0.0153065445054309,0.00808003456089981,0.0158525747337865,0.0180211422334981,0.000789761433788823,0.00947620186164308,0.00422173259707477,0.0184701253105824,0.000343609709974505,0.00974781825211724,0.00458287228854828,0.000723103153739646,0.000995077416633511,0.000653579955497029,0.0030894067395089,0.0030555492198545
"53","blog","thismom.blogs.com",0.00282349952599997,0.0141834547435055,0.00751584774174184,0.0262683543327533,0.0103665495245884,0.00174995812174059,0.000666514936660967,0.0928173827203113,0.00129011024414937,0.00109646168150222,0.0128071877907082,0.177678467154713,0.0291902493977896,0.00509995278495066,0.0338257905681504,0.0446830378982112,0.0035686486109587,0.00119354317662678,0.00438640461848451,0.00170016636890896,0.00855571100164369,0.0123635795728367,0.071780398056151,0.0843348375963556,0.0300201084237727,0.00642181683419354,0.000658917936660251,0.00215579831552307,0.00194499466291455,0.0989317494981616,0.00180063244982903,0.00141103373860923,0.017943521201542,0.00282128306598293,0.0272184680161206,0.0124146140997652,0.0111689956437649,0.0402314282632761,0.00213994247380946,0.00620874850466586,0.00585814807746974,0.0167181250952553,0.000431140148003551,0.0214074074403875,0.0211670367092658,0.00164517256186954,0.00161254088590314,0.00251160880230441,0.00819082662105874,0.00701983236044852
"54","blog","tinygracenotes.blogspot.com",0.00226864212442919,0.00816557648763922,0.0149399820584528,0.0904870799892534,0.00895432795552127,0.00160049124229332,0.000163841145918828,0.247885985951937,0.00567355842355157,0.000209686811219342,0.0314440150948868,0.0674983056045306,0.0174506442863174,0.00999353586319152,0.0269508572165126,0.0147957961483577,0.00777503535053514,0.00505180845272996,0.00676320457243752,0.00141034633967243,0.000708795628976876,0.0071847976207848,0.00239103150397586,0.022297002490769,0.00263648311641995,0.06466336934609,0.00292464221807331,0.00866524395826325,0.00845165810208869,0.0716231436977337,0.0049767220828716,0.000291411147322314,0.00841122446458806,0.00697740237118136,0.0533279458934571,0.00266799083708895,0.0278138734734695,0.00808318958828235,0.000412353221127579,0.00488532955563299,0.01912957532459,0.0252724048166512,0.000175097407741333,0.00350245854130916,0.00942535592855348,0.0487109646062248,0.00398269080963748,0.000697687393277974,0.00761536341833934,0.00261207031609074
"55","blog","trydefyinggravity.wordpress.com",0.0035771500467063,0.011858484745569,0.00413694060018467,0.0129291295355886,0.0586094386229445,0.000545208641602255,0.000140370417671558,0.0822841229070189,0.00035032171125589,0.000368007623367952,0.0357865968829211,0.166273923860154,0.0683241943521781,0.0268740587384214,0.0303484521756586,0.0160772326722726,0.00129602594908632,0.000464434381388975,0.0038878421173587,0.00230152770115019,0.00223458657228857,0.00283258307507408,0.0146713119086864,0.141267963904883,0.00955941432947875,0.00520686059491243,0.000630947362585312,0.00768544224316975,0.00389158961685321,0.0683261771534321,0.00165687692010087,0.000477976243895213,0.0333414044170621,0.00419227393539695,0.0739797254079601,0.0051846334983927,0.0241346706086337,0.0111312523341872,0.000269273559339301,0.00786651787569683,0.0108933777962052,0.0136501203211971,0.000167787134729258,0.00553875471240169,0.00800199108139723,0.0024562680078182,0.00156144421760826,0.00390280218274151,0.00751732749934552,0.00133518180202804
"56","blog","unstrangemind.wordpress.com",0.0234884074225391,0.012930860157044,0.00852382572886579,0.079842932385442,0.00507645332212864,0.00080219513375548,0.000234017212856029,0.137107907325983,0.00162418363804248,0.000690024795163517,0.0351850915928737,0.0735177765914184,0.00367994651311358,0.00267045797315201,0.0103245785232774,0.0080081211952397,0.0266677535779101,0.00402059916566217,0.00198279208945358,0.0077356232463668,0.00263986422259075,0.00381318136600684,0.00140517105504936,0.0408001115356062,0.00485112980077029,0.122042946301991,0.000543286505810519,0.0269552173261553,0.00559510995993111,0.137669514388835,0.00432437678461893,0.00333969860209236,0.00529443739997674,0.000838767459607835,0.0273313445316636,0.00609059341330163,0.0498261565586828,0.00991483219032735,0.000487694342010239,0.00251363550409348,0.0381550637530823,0.0171392567581968,0.000181411242229255,0.0168022675340684,0.0145567421804222,7.32358131528995e-05,0.00221287190422687,0.00558755901764658,0.00367885927342551,0.00122211568413988
"57","blog","www.blogger.com",0.00652948675479745,0.0109617117867754,0.164406480749728,0.0377139087474397,0.0123607718239506,0.00587991085171715,0.0023351666093579,0.0561338782394629,0.00481169667885015,0.00298858773988757,0.0204451073532281,0.045549448500138,0.0277043477262876,0.0103074444443384,0.0214254098726485,0.0163884978356906,0.00609316968132388,0.00482204871247095,0.160045362511885,0.00901711807800817,0.00899007752065222,0.00831167219218008,0.00766223487660718,0.0557770759352511,0.0116042163841103,0.0134487244173105,0.00451135231252903,0.00448105984046363,0.00579341138945789,0.0434165635042759,0.00547487846029473,0.00415337415400452,0.0195022569468418,0.0078283857152046,0.021107456585614,0.0113227608498679,0.0169627226343877,0.0168559244256469,0.00459904967313509,0.0106643688651823,0.0139602424625917,0.0266833112994858,0.00249559790155068,0.0111810952477088,0.00943458070191984,0.00196640731299826,0.00483200802994186,0.00439165263489094,0.00836791340789169,0.00830006962001677
"58","blog","www.donnathomson.com",0.00150442901885315,0.00923677012933027,0.0157911039116567,0.0376157371245981,0.00281804231656636,0.00262961579916194,0.000505355700671052,0.0455000050532778,0.00082895749754458,0.00100309682149462,0.012991271152461,0.0795137432184562,0.00838130317588506,0.00405798144166868,0.107402590037608,0.0128364097109475,0.00521432969324329,0.000841332082205538,0.000738812860805113,0.00345490365763671,0.00150878331412554,0.00652174718209543,0.00701003700256425,0.0572668480712247,0.0110507635677716,0.0192897800347225,0.0147959846868205,0.00203627849846507,0.00242542544886381,0.123008094064339,0.0033155336277191,0.000943264150428816,0.0181322344383527,0.00417480936599649,0.0138723261388387,0.0402885758947181,0.00785105606042418,0.0114014356333167,0.000561663311939178,0.00519571570687054,0.244452827929306,0.0163115813342937,0.00079566459722807,0.00653460676623272,0.0165427766564498,0.000869534064576655,0.000939649499676068,0.00213030591906032,0.00696346539233965,0.00094344123716838
"59","blog","www.esteeklar.com",0.00253059702190772,0.017639714696652,0.0218815287778069,0.0818280871704997,0.00685614872206799,0.00411191902924203,0.00096454632556061,0.071973316179035,0.0018301714936707,0.00103761802598654,0.0315257864952605,0.0931646545069017,0.0210461330115195,0.0122391941038143,0.024945880312241,0.0157320247071019,0.00869788924689769,0.00520665690226226,0.00192025045543889,0.00514939971825647,0.00119402178988737,0.00573975399006446,0.00289274664468677,0.098449356350272,0.00475464770597504,0.0877897239849552,0.0120181045355276,0.00237294837250396,0.00642734290238563,0.11497587790658,0.0109490073159167,0.00177697194742938,0.0129272891012117,0.00286636596523731,0.0360353417886888,0.00626647084436921,0.050895596501613,0.0112918041917276,0.00129961323239453,0.00314554747213635,0.0362009789125495,0.0166358123599727,0.000595765303886377,0.00330058100532064,0.0225110414874532,0.00104894737671627,0.00490345086854382,0.00240179553157974,0.00555831706966486,0.00249326063862662
"60","blog","www.lovethatmax.com",0.00154303542749205,0.0160019763248415,0.0122829288540444,0.015828437819242,0.00603569631458646,0.00143023342580765,0.000322232774437174,0.0955899126508113,0.000585810050019773,0.000542908288800224,0.011759401749661,0.116886286908268,0.0364407253641693,0.00791635247187761,0.0193590837529328,0.0136584264318661,0.0051121499258619,0.000990353000920013,0.00181473919356805,0.00252806439485056,0.00508613300895224,0.00591180950081531,0.0121707322241923,0.0786712157285544,0.025203123498109,0.0153891896319406,0.000758209231499209,0.00210640625663657,0.00216462839794423,0.0432186764641763,0.00204464064512049,0.00196300695493332,0.0405938293887205,0.14747300645268,0.0185060306841298,0.0128114896631516,0.0138185350340004,0.0300437175061269,0.00168640439231157,0.00901973774858093,0.0152600498304583,0.0168169275175252,0.000319245397262795,0.0162097413559814,0.00588538918366146,0.097736514961686,0.00155726115309955,0.00271755892755576,0.00390585252073809,0.00432218161539793
"61","blog","www.squashedmom.com",0.00156370617729883,0.0110903948367472,0.00866411907625167,0.020305607087588,0.00579055267373776,0.000483140819948664,0.000362722725606588,0.0749160399351575,0.000374202535755598,0.000306216296794836,0.0107256040042442,0.151995366823256,0.0530888752244866,0.0061602130132368,0.115343483594942,0.0306054060125862,0.00127019023831998,0.000595369336844091,0.00137862261316053,0.00114794237085,0.00474044524492474,0.00219343593691635,0.00537189024285514,0.135748555233552,0.0115867388128643,0.00375938067112988,0.000567061314385989,0.00231484102151921,0.00208181650929703,0.0800970304914161,0.000320614720345679,0.00062344584111291,0.0288324388033725,0.00549429367587981,0.133366684970201,0.0115208204065761,0.00794831766767952,0.0123168342570269,0.000245300610168453,0.0066359685423677,0.00319962704129572,0.00472581138228215,0.000212492590686877,0.0166329005263935,0.00543852037557284,0.00861815378553998,0.000390090824641993,0.00204313409837377,0.0021915831882511,0.00461399581655752
"62","blog","www.squidalicious.com",0.00190862160789099,0.0218979561591597,0.0198481071375942,0.0333642084502629,0.0076171567108475,0.00475023441350206,0.00119077648697968,0.0801481631049147,0.00154286040004206,0.00353721103872917,0.0159054935253004,0.0928266895397669,0.026097772393333,0.017114604278714,0.0185911360550692,0.0192794115587107,0.00405216289506286,0.00195741695737779,0.00309613528197931,0.00418892819039185,0.0106075756103011,0.0101597782007376,0.00570035088596601,0.120325690353241,0.0194880958784027,0.0130882880930421,0.00110639687043599,0.00226440914608391,0.00411497861034582,0.0402829575690587,0.00364289889924262,0.00223124093322396,0.0268066205157503,0.00560398310906131,0.0310501975718547,0.0162502482704577,0.0195308513221111,0.0199736094910471,0.0045280712962832,0.00566143223601492,0.0142302123022092,0.0209399403874507,0.00139979768846151,0.0181508102565627,0.0194302090296277,0.00385627834755155,0.00346470027180781,0.00295877209520001,0.00571593665820192,0.168520621914636
